Toddler toy, Toys for toddlers, Playthings for infants, Entertainment for young ones, Children's entertainment, Games for young ones
Kids games, Games for children, Children's entertainment, Games for young ones, Entertainment for minors, Books for minors
Children's books, Books for kids, Books for little ones, Entertainment for minors, Toys for pre-schoolers, Playthings for young ones
Outdoor toys for kids, Kids' outdoor toys, Outdoor playthings for children, Children's outdoor entertainment, Outdoor games for young ones 
ducational toys for kids, Kids' educational toys, Educational playthings for children, Children's educational entertainment, Educational games for young ones
Dolls for girls, Girls' dolls, Dolls for little girls, Entertainment for young girls, Toys for young girls
Board games for kids, Kids' board games, Board games for children, Children's board games
Kids' headphones, Children's headphones, Headphones for kids, Headphones for young ones
Stuffed animals for kids, Kids' stuffed animals, Stuffed animals for children, Children's stuffed animals
Kids' bikes, Children's bikes, Bikes for kids, Bikes for young ones
Arts and crafts kits for kids, Kids' arts and crafts kits, Arts and crafts kits for children, Children's arts and crafts kits
Building sets for kids, Kids' building sets, Building sets for children, Children's building sets
Kids' puzzles, Children's puzzles, Puzzles for kids, Puzzles for young ones
Kids' watches, Children's watches, Watches for kids, Watches for young ones
Kids' scooters, Children's scooters, Scooters for kids, Scooters for young ones
Kids' ride-on toys, Children's ride-on toys, Ride-on toys for kids, Ride-on toys for young ones
Kids' outdoor playsets, Children's outdoor playsets, Outdoor playsets for kids, Outdoor playsets for young ones
Kids' dress-up clothes, Children's dress-up clothes, Dress-up clothes for kids, Dress-up clothes for young ones
Kids' musical instruments, Children's musical instruments, Musical instruments for kids, Musical instruments for young ones
Kids' science kits, Children's science kits, Science kits for kids, Science kits for young ones
Kids' kitchen sets, Children's kitchen sets, Kitchen sets for kids, Kitchen sets for young ones
Kids' tents, Children's tents, Tents for kids, Tents for young ones
Kids' swim floats, Children's swim floats, Swim floats for kids, Swim floats for young ones
Kids' pool toys, Children's pool toys, Pool toys for kids, Pool toys for young ones
Kids' beach toys, Children's beach toys, Beach toys for kids, Beach toys for young ones
Kids' pool games, Children's pool games, Pool games for kids, Pool games for young ones
Kids' water guns, Children's water guns, Water guns for kids, Water guns for young ones
Kids' water tables, Children's water tables, Water tables for kids, Water tables for young ones
Kids' sandboxes, Children's sandboxes, Sandboxes for kids, Sandboxes for young ones
Kids' sand toys, Children's sand toys, Sand toys for kids, Sand toys for young ones
Kids' bubble makers, Children's bubble makers, Bubble makers for kids, Bubble makers for young ones
Kids' bubble solutions, Children's bubble solutions, Bubble solutions for kids, Bubble solutions for young ones
Kids' trampolines, Children's trampolines, Trampolines for kids, Trampolines for young ones
Kids' swings, Children's swings, Swings for kids, Swings for young ones,
Kids' playhouses, Children's playhouses, Playhouses for kids, Playhouses for young ones
Kids' play tunnels, Children's play tunnels, Play tunnels for kids, Play tunnels for young ones
Kids' bouncers, Children's bouncers, Bouncers for kids, Bouncers for young ones
Kids' play tents, Children's play tents, Play tents for kids, Play tents for young ones
Kids' ball pits, Children's ball pits, Ball pits for kids, Ball pits for young ones
Kids' teeter totters, Children's teeter totters, Teeter totters for kids, Teeter totters for young ones
Kids' outdoor climbers, Children's outdoor climbers, Outdoor climbers for kids, Outdoor climbers for young ones
Kids' basketball hoops, Children's basketball hoops, Basketball hoops for kids, Basketball hoops for young ones
Kids' soccer goals, Children's soccer goals, Soccer goals for kids, Soccer goals for young ones
Kids' baseball sets, Children's baseball sets, Baseball sets for kids, Baseball sets for young ones
Kids' golf sets, Children's golf sets, Golf sets for kids, Golf sets for young ones
Kids' footballs, Children's footballs, Footballs for kids, Footballs for young ones, Entertainment for young kids
Kids' soccer balls, Children's soccer balls, Soccer balls for kids, Soccer balls for young ones
Kids' basketballs, Children's basketballs, Basketballs for kids, Basketballs for young ones
Kids' baseballs, Children's baseballs, Baseballs for kids, Baseballs for young ones
Kids' football goals, Children's football goals, Football goals for kids, Football goals for young ones
Kids' tennis rackets, Children's tennis rackets, Tennis rackets for kids, Tennis rackets for young ones
Kids' skateboards, Children's skateboards, Skateboards for kids, Skateboards for young ones
Kids' rollerblades, Children's rollerblades, Rollerblades for kids, Rollerblades for young ones
Kids' scooters, Children's scooters, Scooters for kids, Scooters for young ones
Kids' tricycles, Children's tricycles, Tricycles for kids, Tricycles for young ones
Kids' push cars, Children's push cars, Push cars for kids, Push cars for young ones
Kids' wagons, Children's wagons, Wagons for kids, Wagons for young ones
Pogo sticks for children, Kids' pogo sticks, Children's pogo sticks, Pogo sticks for kids, Pogo sticks for young ones
Kids' telescopes, Children's telescopes, Telescopes for kids, Telescopes for young ones
Kids' binoculars, Children's binoculars, Binoculars for kids, Binoculars for young ones
Kids' microscopes, Children's microscopes, Microscopes for kids, Microscopes for young ones
Kids' chemistry sets, Children's chemistry sets, Chemistry sets for kids, Chemistry sets for young ones
Kids' gardening sets, Children's gardening sets, Gardening sets for kids, Gardening sets for young ones
Kids' rain boots, Children's rain boots, Rain boots for kids, Rain boots for young ones
Kids' rain coats, Children's rain coats, Rain coats for kids, Rain coats for young ones
Kids' snow boots, Children's snow boots, Snow boots for kids, Snow boots for young ones
Kids' snow pants, Children's snow pants, Snow pants for kids, Snow pants for young ones
Kids' snow jackets, Children's snow jackets, Snow jackets for kids, Snow jackets for young ones
Kids' snow gloves, Children's snow gloves, Snow gloves for kids, Snow gloves for young ones
Kids' snow hats, Children's snow hats, Snow hats for kids, Snow hats for young ones
Kids' snow shovels, Children's snow shovels, Snow shovels for kids, Snow shovels for young ones
Kids' sleds, Children's sleds, Sleds for kids, Sleds for young ones
Holiday gifts, Gifts for the holidays, Gifts for special occasions, Gifts for celebrations, Gifts for loved ones
Best holiday gifts, Top holiday gifts, Highly rated holiday gifts, Recommended holiday gifts, Best gifts for the holidays
Popular holiday gifts, Best-selling holiday gifts, Most sought-after holiday gifts, Trending holiday gifts, Hot holiday gifts
Holiday gifts for kids, Gifts for children during the holidays, Gifts for young ones during the holidays, Gifts for little ones during the holidays, Gifts for minors during the holidays
Holiday gifts for men, Gifts for men during the holidays, Gifts for him during the holidays, Gifts for fathers during the holidays, Gifts for husbands during the holidays
Holiday gifts for women, Gifts for women during the holidays, Gifts for her during the holidays, Gifts for mothers during the holidays, Gifts for wives during the holidays
Holiday gifts for teens, Gifts for teenagers during the holidays, Gifts for adolescents during the holidays, Gifts for young adults during the holidays, Gifts for older kids during the holidays
Holiday gifts for parents, Gifts for parents during the holidays, Gifts for mom and dad during the holidays, Gifts for caregivers during the holidays, Gifts for adults during the holidays
Holiday gifts for grandparents, Gifts for grandparents during the holidays, Gifts for grandpa and grandma during the holidays, Gifts for senior citizens during the holidays, Gifts for older adults during the holidays
Holiday gifts for friends, Gifts for friends during the holidays, Gifts for close friends during the holidays, Gifts for companions during the holidays, Gifts for peers during the holidays
Holiday gifts for coworkers, Gifts for coworkers during the holidays, Gifts for colleagues during the holidays, Gifts for associates during the holidays, Gifts for professionals during the holidays
Holiday gifts for pets, Gifts for pets during the holidays, Gifts for dogs during the holidays, Gifts for cats during the holidays, Gifts for animals during the holidays
Holiday gifts for gamers, Gifts for gamers during the holidays, Gifts for video game enthusiasts during the holidays, Gifts for console gamers during the holidays, Gifts for PC gamers during the holidays
Holiday gifts for hikers, Gifts for hikers during the holidays, Gifts for outdoor enthusiasts during the holidays, Gifts for walkers during the holidays, Gifts for nature lovers during the holidays
Holiday gifts for book lovers, Gifts for book lovers during the holidays, Gifts for readers during the holidays, Gifts for bibliophiles during the holidays, Gifts for literature enthusiasts during the holidays
Holiday gifts for foodies, Gifts for foodies during the holidays, Gifts for gourmet cooks during the holidays, Gifts for culinary enthusiasts during the holidays, Gifts for epicures during the holidays
Holiday gifts for knitters and crocheters, Gifts for knitters and crocheters during the holidays, Gifts for fiber artists during the holidays, Gifts for yarn enthusiasts during the holidays, Gifts for needlework enthusiasts during the holidays
Holiday gifts for sewers and quilters, Gifts for sewers and quilters during the holidays, Gifts for needleworkers during the holidays, Gifts for seamstresses during the holidays, Gifts for tailors during the holidays
Holiday gifts for DIYers, Gifts for DIYers during the holidays, Gifts for home improvement enthusiasts during the holidays, Gifts for handymen and handywomen during the holidays, Gifts for crafters during the holidays
Holiday gifts for mechanics, Gifts for mechanics during the holidays, Gifts for auto mechanics during the holidays, Gifts for mechanic enthusiasts during the holidays, Gifts for technicians during the holidays
Holiday gifts for handymen and handywomen, Gifts for handymen and handywomen during the holidays, Gifts for DIY enthusiasts during the holidays, Gifts for home improvement experts during the holidays, Gifts for craftspeople during the holidays
Luggage sets, Best luggage, Travel luggage, Suitcase sets, Best luggage sets 
Travel backpacks, Backpacks for travel, Best travel backpacks, Popular travel backpacks, Backpacks for vacation 
Travel pillows, Best travel pillows, Top-rated travel pillows, Popular travel pillows, Best pillows for travel 
Travel neck pillows, Best travel neck pillows, Best-selling travel neck pillows, Neck pillows for travel, Popular travel neck pillows 
Travel blankets, Best travel blankets, Highest-rated travel blankets, Popular travel blankets, Best blankets for travel 
Travel adapters, Best travel adapters, Most popular travel adapters, Popular travel adapters, Best adapters for travel 
Travel converters, Best travel converters, Best-selling travel converters, Popular travel converters, Converters for travel 
Travel power strips, Best travel power strips, Top-rated travel power strips, Popular travel power strips, Best power strips for travel 
Travel toiletry bags, Best travel toiletry bags, Most popular travel toiletry bags, Popular travel toiletry bags, Best toiletry bags for travel 
Travel packing cubes, Best travel packing cubes, Best-selling travel packing cubes, Popular travel packing cubes, Packing cubes for travel 
Travel shoe bags, Best travel shoe bags, Highest-rated travel shoe bags, Popular travel shoe bags, Best shoe bags for travel 
Travel laundry bags, Best travel laundry bags, Most popular travel laundry bags, Popular travel laundry bags, Best laundry bags for travel 
Travel garment bags, Best travel garment bags, Best-selling travel garment bags, Popular travel garment bags, Garment bags for travel 
Travel camera bags, Best travel camera bags, Top-rated travel camera bags, Popular travel camera bags, Best camera bags for travel 
Travel laptop bags, Best travel laptop bags, Most popular travel laptop bags, Popular travel laptop bags, Best laptop bags for travel 
Travel passport holders, Best travel passport holders, Best-selling travel passport holders, Popular travel passport holders, Passport holders for travel 
Travel money belts, Best travel money belts, Highest-rated travel money belts, Popular travel money belts, Best money belts for travel 
Travel wallets, Best travel wallets, Most popular travel wallets, Popular travel wallets, Best wallets for travel 
Travel luggage scales, Best travel luggage scales, Best-selling travel luggage scales, Popular travel luggage scales, Luggage scales for travel
Travel luggage tags, Best travel luggage tags, Most popular travel luggage tags, Popular travel luggage tags, Best luggage tags for travel 
Travel luggage covers, Best travel luggage covers, Best-selling travel luggage covers, Popular travel luggage covers, Luggage covers for travel 
Travel luggage carts, Best travel luggage carts, Highest-rated travel luggage carts, Popular travel luggage carts, Best luggage carts for travel 
Travel packing organizers, Best travel packing organizers, Most popular travel packing organizers, Popular travel packing organizers, Best packing organizers for travel 
Travel compression bags, Best travel compression bags, Best-selling travel compression bags, Popular travel compression bags, Compression bags for travel 
Travel waterproof bags, Best travel waterproof bags, Top-rated travel waterproof bags, Popular travel waterproof bags, Best waterproof bags for travel 
Travel beach bags, Best travel beach bags, Most popular travel beach bags, Popular travel beach bags, Best beach bags for travel 
Travel tote bags, Best travel tote bags, Best-selling travel tote bags, Popular travel tote bags, Tote bags for travel 
Travel duffel bags, Best travel duffel bags, Highest-rated travel duffel bags, Popular travel duffel bags, Best duffel bags for travel 
Travel cosmetic bags, Best travel cosmetic bags, Most popular travel cosmetic bags, Popular travel cosmetic bags, Best cosmetic bags for travel 
Travel umbrellas, Best travel umbrellas, Best-selling travel umbrellas, Popular travel umbrellas, Umbrellas for travel 
Travel water bottles, Best travel water bottles, Top-rated travel water bottles, Popular travel water bottles, Best water bottles for travel
Travel first aid kits, Best travel first aid kits, Most popular travel first aid kits, Popular travel first aid kits, Best first aid kits for travel 
Travel insect repellents, Best travel insect repellents, Best-selling travel insect repellents, Popular travel insect repellents, Insect repellents for travel 
Travel sunscreen, Best travel sunscreen, Highest-rated travel sunscreen, Popular travel sunscreen, Best sunscreen for travel 
Travel lip balm, Best travel lip balm, Most popular travel lip balm, Popular travel lip balm, Best lip balm for travel 
Travel hand sanitizer, Best travel hand sanitizer, Best-selling travel hand sanitizer, Popular travel hand sanitizer, Hand sanitizer for travel 
Travel tissues, Best travel tissues, Top-rated travel tissues, Popular travel tissues, Best tissues for travel 
Travel sanitizing wipes, Best travel sanitizing wipes, Most popular travel sanitizing wipes, Popular travel sanitizing wipes, Best sanitizing wipes for travel 
Travel sleep masks, Best travel sleep masks, Best-selling travel sleep masks, Popular travel sleep masks, Sleep masks for travel 
Travel earplugs, Best travel earplugs, Highest-rated travel earplugs, Popular travel earplugs, Best earplugs for travel 
Travel sunglasses, Best travel sunglasses, Most popular travel sunglasses, Popular travel sunglasses, Best sunglasses for travel 
Travel hats, Best travel hats, Best-selling travel hats, Popular travel hats, Hats for travel 
Travel scarves, Best travel scarves, Top-rated travel scarves, Popular travel scarves, Best scarves for travel 
Travel gloves, Best travel gloves, Most popular travel gloves, Popular travel gloves, Best gloves for travel 
Travel socks, Best travel socks, Best-selling travel socks, Popular travel socks, Socks for travel 
Travel underwear, Best travel underwear, Highest-rated travel underwear, Popular travel underwear, Best underwear for travel 
Travel bras, Best travel bras, Most popular travel bras, Popular travel bras, Best bras for travel 
Travel socks, Best travel socks, Best-selling travel socks, Popular travel socks, Socks for travel 
Travel slippers, Best travel slippers, Top-rated travel slippers, Popular travel slippers, Best slippers for travel
Travel shoe insoles, Best travel shoe insoles, Best-selling travel shoe insoles, Popular travel shoe insoles, Shoe insoles for travel 
Travel earphones, Best travel earphones, Highest-rated travel earphones, Popular travel earphones, Best earphones for travel 
Travel speakers, Best travel speakers, Most popular travel speakers, Popular travel speakers, Best speakers for travel 
Travel headphones, Best travel headphones, Best-selling travel headphones, Popular travel headphones, Headphones for travel 
Travel power banks, Best travel power banks, Top-rated travel power banks, Popular travel power banks, Best power banks for travel 
Travel chargers, Best travel chargers, Most popular travel chargers, Popular travel chargers, Best chargers for travel 
Travel charging cables, Best travel charging cables, Best-selling travel charging cables, Popular travel charging cables, Charging cables for travel 
Travel phone cases, Best travel phone cases, Highest-rated travel phone cases, Popular travel phone cases, Best phone cases for travel 
Travel tablets, Best travel tablets, Most popular travel tablets, Popular travel tablets, Best tablets for travel 
Travel laptops, Best travel laptops, Best-selling travel laptops, Popular travel laptops, Laptops for travel 
Travel cameras, Best travel cameras, Top-rated travel cameras, Popular travel cameras, Best cameras for travel 
Travel camera lenses, Best travel camera lenses, Most popular travel camera lenses, Popular travel camera lenses, Best camera lenses for travel 
Travel camera tripods, Best travel camera tripods, Best-selling travel camera tripods, Popular travel camera tripods, Camera tripods for travel
Travel selfie sticks, Best travel selfie sticks, Highest-rated travel selfie sticks, Popular travel selfie sticks, Best selfie sticks for travel 
Travel GPS devices, Best travel GPS devices, Most popular travel GPS devices, Popular travel GPS devices, Best GPS devices for travel 
Travel portable Wi-Fi hotspots, Best travel portable Wi-Fi hotspots, Best-selling travel portable Wi-Fi hotspots, Popular travel portable Wi-Fi hotspots, Portable Wi-Fi hotspots for travel 
Travel books, Best travel books, Top-rated travel books, Popular travel books, Best books for travel 
Travel maps, Best travel maps, Most popular travel maps, Popular travel maps, Best maps for travel 
Travel phrasebooks, Best travel phrasebooks, Best-selling travel phrasebooks, Popular travel phrasebooks, Phrasebooks for travel 
Travel guidebooks, Best travel guidebooks, Highest-rated travel guidebooks, Popular travel guidebooks, Best guidebooks for travel 
Travel dictionaries, Best travel dictionaries, Most popular travel dictionaries, Popular travel dictionaries, Best dictionaries for travel 
Travel journals, Best travel journals, Best-selling travel journals, Popular travel journals, Journals for travel
Educational toys for toddlers, Learning toys for young ones, Playthings for young learners, Games for infants, Children's educational toys, Toddler learning toys 
Toddler books, Children's books, Books for little ones, Stories for young ones, Entertainment for infants, Reading for young ones 
Toddler bikes, Children's bikes, Bicycles for little ones, Transportation for young ones, Playthings for infants, Exercise for young ones
Toddler tricycles, Tricycles for children, Transportation for young ones, Playthings for infants, Exercise for young ones, Children's tricycles 
Toddler scooters, Scooters for children, Transportation for young ones, Playthings for infants, Exercise for young ones, Children's scooters 
Toddler wagons, Wagons for children, Transportation for young ones, Playthings for infants, Exercise for young ones, Children's wagons 
Toddler push cars, Push cars for children, Transportation for young ones, Playthings for infants, Exercise for young ones, Children's push cars 
Toddler play kitchens, Play kitchens for children, Playthings for young ones, Children's play kitchens, Role-playing for young ones 
Toddler playhouses, Playhouses for children, Playthings for young ones, Children's playhouses, Role-playing for young ones 
Toddler play tents, Play tents for children, Playthings for young ones, Children's play tents, Role-playing for young ones 
Toddler play tables, Play tables for children, Playthings for young ones, Children's play tables, Role-playing for young ones 
Toddler play mats, Play mats for children, Playthings for young ones
Toys for infants, Infants' toys, Toys for babies, Baby toys
Books for babies, Baby books, Books for infants, Infants' books
Baby monitors, Monitors for babies, Monitors for infants, Infants' monitors
Baby carriers, Carriers for babies, Carriers for infants, Infants' carriers
Baby bouncers, Bouncers for babies, Bouncers for infants, Infants' bouncers
Baby swings, Swings for babies, Swings for infants, Infants' swings
Baby play mats, Play mats for babies, Play mats for infants, Infants' play mats
Baby gyms, Gyms for babies, Gyms for infants, Infants' gyms
Baby blankets, Blankets for babies, Blankets for infants, Infants' blankets
Baby strollers, Strollers for babies, Strollers for infants, Infants' strollers
Baby car seats, Car seats for babies, Car seats for infants, Infants' car seats
Baby cribs, Cribs for babies, Cribs for infants, Infants' cribs
Baby bathtubs, Bathtubs for babies, Bathtubs for infants, Infants' bathtubs
Baby high chairs, High chairs for babies, High chairs for infants, Infants' high chairs
Baby changing tables, Changing tables for babies, Changing tables for infants, Infants' changing tables
Baby bouncer seats, Bouncer seats for babies, Bouncer seats for infants, Infants' bouncer seats
Baby car seat carriers, Car seat carriers for babies, Car seat carriers for infants, Infants' car seat carriers
Baby crib mattresses, Crib mattresses for babies, Crib mattresses for infants, Infants' crib mattresses
Baby diaper bags, Diaper bags for babies, Diaper bags for infants, Infants' diaper bags
Baby thermometers, Thermometers for babies, Thermometers for infants, Infants' thermometers
Baby bottle warmers, Bottle warmers for babies, Bottle warmers for infants, Infants' bottle warmers
Baby bottle sterilizers, Bottle sterilizers for babies, Bottle sterilizers for infants, Infants' bottle sterilizers
Baby bottle drying racks, Bottle drying racks for babies, Bottle drying racks for infants, Infants' bottle drying racks
Baby bottle brushes, Bottle brushes for babies, Bottle brushes for infants, Infants' bottle brushes
Baby food makers, Food makers for babies, Food makers for infants, Infants' food makers
Baby food storage containers, Food storage containers for babies, Food storage containers for infants, Infants' food storage containers
Baby food grinders, Food grinders for babies, Food grinders for infants, Infants' food grinders
Baby food dispensers, Food dispensers for babies, Food dispensers for infants, Infants' food dispensers
Baby food pouches, Food pouches for babies, Food pouches for infants, Infants' food pouches
Baby feeding sets, Feeding sets for babies, Feeding sets for infants, Infants' feeding sets
Baby feeding spoons, Feeding spoons for babies, Feeding spoons for infants, Infants' feeding spoons
Baby feeding bowls, Feeding bowls for babies, Feeding bowls for infants, Infants' feeding bowls
Baby bibs, Bibs for babies, Bibs for infants, Infants' bibs
Baby burp cloths, Burp cloths for babies, Burp cloths for infants, Infants' burp cloths
Baby teething toys, Teething toys for babies, Teething toys for infants, Infants' teething toys
Baby teething rings, Teething rings for babies, Teething rings for infants, Infants' teething rings
Baby teething necklaces, Teething necklaces for babies, Teething necklaces for infants, Infants' teething necklaces
Baby teething mittens, Teething mittens for babies, Teething mittens for infants, Infants' teething mittens
Baby teething blankets, Teething blankets for babies, Teething blankets for infants, Infants' teething blankets
Baby teething bibs, Teething bibs for babies, Teething bibs for infants, Infants' teething bibs
Baby teething soothers, Teething soothers for babies, Teething soothers for infants, Infants' teething soothers
Baby teething pacifiers, Teething pacifiers for babies, Teething pacifiers for infants, Infants' teething pacifiers
Baby teething gels, Teething gels for babies, Teething gels for infants, Infants' teething gels
Baby teething tablets, Teething tablets for babies, Teething tablets for infants, Infants' teething tablets
Baby teething wipes, Teething wipes for babies, Teething wipes for infants, Infants' teething wipes
Baby teething ointments, Teething ointments for babies, Teething ointments for infants, Infants' teething ointments
Baby teething creams, Teething creams for babies, Teething creams for infants, Infants' teething creams
Baby teething oils, Teething oils for babies, Teething oils for infants, Infants' teething oils
Baby teething sprays, Teething sprays for babies, Teething sprays for infants, Infants' teething sprays
Baby teething necklaces for moms, Teething necklaces for moms of babies, Teething necklaces for moms of infants, Infants' teething necklaces for moms, Entertainment
Baby teething necklaces for moms, Teething necklaces for moms of babies, Teething necklaces for moms of infants, Infants' teething necklaces for moms
Baby teething mittens for moms, Teething mittens for moms of babies, Teething mittens for moms of infants, Infants' teething mittens for moms
Baby teething blankets for moms, Teething blankets for moms of babies, Teething blankets for moms of infants, Infants' teething blankets for moms
Baby teething bibs for moms, Teething bibs for moms of babies, Teething bibs for moms of infants, Infants' teething bibs for moms
Baby teething soothers for moms, Teething soothers for moms of babies, Teething soothers for moms of infants, Infants' teething soothers for moms
Baby teething pacifiers for moms, Teething pacifiers for moms of babies, Teething pacifiers for moms of infants, Infants' teething pacifiers for moms
Baby teething gels for moms, Teething gels for moms of babies, Teething gels for moms of infants, Infants' teething gels for moms
Baby teething tablets for moms, Teething tablets for moms of babies, Teething tablets for moms of infants, Infants' teething tablets for moms
Baby teething wipes for moms, Teething wipes for moms of babies, Teething wipes for moms of infants, Infants' teething wipes for moms
Baby teething ointments for moms, Teething ointments for moms of babies, Teething ointments for moms of infants, Infants' teething ointments for moms
Baby teething creams for moms, Teething creams for moms of babies, Teething creams for moms of infants, Infants' teething creams for moms
Baby teething oils for moms, Teething oils for moms of babies, Teething oils for moms of infants, Infants' teething oils for moms
Baby teething sprays for moms, Teething sprays for moms of babies, Teething sprays for moms of infants, Infants' teething sprays for moms
Baby teething necklaces for dads, Teething necklaces for dads of babies, Teething necklaces for dads of infants, Infants' teething necklaces for dads
Baby teething mittens for dads, Teething mittens for dads of babies, Teething mittens for dads of infants, Infants' teething mittens for dads
Baby teething blankets for dads, Teething blankets for dads of babies, Teething blankets for dads of infants, Infants' teething blankets for dads
Baby teething bibs for dads, Teething bibs for dads of babies, Teething bibs for dads of infants, Infants' teething bibs for dads
Baby teething soothers for dads, Teething soothers for dads of babies, Teething soothers for dads of infants, Infants' teething soothers for dads
Baby teething pacifiers for dads, Teething pacifiers for dads of babies, Teething pacifiers for dads of infants, Infants' teething pacifiers for dads
Baby teething gels for dads, Teething gels for dads of babies, Teething gels for dads of infants, Infants' teething gels for dads
Baby teething tablets for dads, Teething tablets for dads of babies, Teething tablets for dads of infants, Infants' teething tablets for dads
Baby teething wipes for dads, Teething wipes for dads of babies, Teething wipes for dads of infants, Infants' teething wipes for dads
Baby teething creams for dads, Teething creams for dads of babies, Teething creams for dads of infants, Infants' teething creams for dads
Baby teething oils for dads, Teething oils for dads of babies, Teething oils for dads of infants, Infants' teething oils for dads
Baby teething sprays for dads, Teething sprays for dads of babies, Teething sprays for dads of infants, Infants' teething sprays for dads
Kid-friendly travel pillow for long flights, Children's travel pillow for long flights, Kids' travel pillow for long journeys, Travel pillow for kids for long flights, Kids' travel pillow for long trips
Child-sized backpack for carrying essentials during trips, Children's backpack for carrying essentials during trips, Kids' backpack for carrying essentials on trips, Travel backpack for kids for carrying essentials, Kids' travel backpack for carrying essentials
Portable booster seat for dining out on the road, Portable booster seat for eating out on the road, Travel booster seat for dining out, Kids' portable booster seat for eating out, Children's portable booster seat for dining out
Collapsible stroller for easy travel, Foldable stroller for easy travel, Travel stroller that collapses, Portable stroller for easy travel, Compact stroller for travel
Travel-sized wipes and hand sanitizer for kids, Travel-sized wipes and hand sanitizer for children, Kids' travel-sized wipes and hand sanitizer, Children's travel-sized wipes and hand sanitizer, Kids' travel-sized hand sanitizer and wipes
Noise-cancelling headphones for kids to use on airplanes, Noise-cancelling headphones for children to use on airplanes, Kids' noise-cancelling headphones for airplanes, Children's noise-cancelling headphones for airplanes, Kids' noise-cancelling headphones for flying
Kids' travel activity book to keep them entertained on the go, Children's travel activity book to keep them entertained on the go, Travel activity book for kids, Kids' travel activity book for entertainment, Children's travel activity book for entertainment
Foldable luggage carrier for kids to pull their own belongings, Foldable luggage carrier for children to pull their own belongings, Kids' foldable luggage carrier, Children's foldable luggage carrier, Travel luggage carrier for kids
Kids' neck pillow and blanket set for comfortable sleeping on long journeys, Children's neck pillow and blanket set for comfortable sleeping on long journeys, Kids' neck pillow and blanket set for comfortable sleep on long journeys, Travel neck pillow and blanket set for kids, Kids' travel neck pillow and blanket set
Travel-sized first aid kit for kids, Travel-sized first aid kit for children, Kids' travel-sized first aid kit, Children's travel-sized first aid kit, Kids' travel first aid kit
Portable car seat for rental cars and taxis, Portable car seat for rental cars and cabs, Travel car seat for rental cars and taxis, Kids' portable car seat for rental cars and taxis, Children's portable car seat for rental cars and taxis
Kids' travel tray for meals on the go, Children's travel tray for meals on the go, Travel tray for kids' meals, Kids' travel tray for meals, Children's travel tray for meals
Reusable water bottle with straw for kids to stay hydrated during trips, Reusable water bottle with straw for children to stay hydrated during trips, Kids' reusable water bottle with straw for hydration on trips, Children's reusable water bottle with straw for hydration on trips, Kids' travel water bottle with straw
Packable beach toys for kids to take to the beach or pool, Packable beach toys for children to take to the beach or pool, Travel beach toys for kids, Kids' packable beach toys, Children's packable beach toys
Collapsible and portable beach tent for kids, Collapsible and portable beach tent for children, Kids' collapsible beach tent, Children's collapsible beach tent, Portable beach tent for kids
Travel-sized sunscreen for kids, Travel-sized sunscreen for children, Kids' travel-sized sunscreen, Children's travel-sized sunscreen, Kids' sunscreen for travel
Kids' suitcase with wheels for easy transport, Children's suitcase with wheels for easy transport, Kids' luggage with wheels, Children's luggage with wheels, Travel suitcase with wheels for kids
Kids' travel game set for entertainment on the road, Children's travel game set for entertainment on the road, Travel game set for kids, Kids' travel games, Children's travel games
Portable potty seat for young children on long car trips, Portable potty seat for young children on long car rides, Travel potty seat for young children, Kids' portable potty seat for car trips, Children's portable potty seat for car trips
Child-sized travel neck pillow for added comfort on planes, Children's travel neck pillow for added comfort on planes, Kids' travel neck pillow, Children's travel neck pillow, Travel neck pillow for kids
Inflatable travel footrest for kids to use on flights, Inflatable travel footrest for children to use on flights, Kids' inflatable travel footrest, Children's inflatable travel footrest, Inflatable travel footrest for kids on planes
Waterproof and tear-resistant kids' travel map, Waterproof and tear-resistant children's travel map, Kids' travel map that is waterproof and tear-resistant, Children's travel map that is waterproof and tear-resistant, Waterproof and tear-resistant travel map for kids
Kids' travel journal for documenting memories and experiences, Children's travel journal for documenting memories and experiences, Travel journal for kids, Kids' travel diary, Children's travel diary
Lightweight and compact umbrella stroller for travel, Lightweight and compact umbrella stroller for traveling, Kids' lightweight and compact umbrella stroller, Children's lightweight and compact umbrella stroller, Lightweight and compact travel umbrella stroller
Travel-sized toiletries for kids including toothpaste and shampoo, Travel-sized toiletries for children including toothpaste and shampoo, Kids' travel-sized toiletries including toothpaste and shampoo, Children's travel-sized toiletries including toothpaste and shampoo, Travel toiletries for kids including toothpaste and shampoo
Collapsible and foldable travel booster seat for eating on the go, Collapsible and foldable travel booster seat for eating on the road, Portable travel booster seat for eating on the go, Portable travel booster seat for eating on the road, Kids' travel booster seat for eating on the go
Portable high chair for eating out with kids while traveling, Portable high chair for eating out with children while traveling, Travel high chair for eating out with kids, Kids' portable high chair for eating out, Children's portable high chair for eating out
Kids' travel safety harness to keep them close in crowded areas, Children's travel safety harness to keep them close in crowded areas, Travel safety harness for kids, Kids' travel harness for safety, Children's travel harness for safety
Packable beach blanket for kids, Packable beach blanket for children, Kids' packable beach blanket, Children's packable beach blanket, Travel beach blanket for kids
Inflatable travel bed for kids to use on overnight flights or road trips, Inflatable travel bed for children to use on overnight flights or road trips, Kids' inflatable travel bed, Children's inflatable travel bed, Inflatable travel bed for kids on overnight trips
Travel-sized coloring and activity books for kids, Travel-sized coloring and activity books for children, Kids' travel-sized coloring and activity books, Children's travel-sized coloring and activity books, Travel coloring and activity books for kids
Portable travel crib for infants and young children, Portable travel crib for babies and young children, Travel crib for infants and young children, Portable crib for infants and young children while traveling, Kids' portable travel crib
Children's travel books for learning about different destinations, Kids' travel books for learning about different destinations, Travel books for children about different destinations, Children's travel books for exploring different places, Kids' travel books for exploring different places
Kids' travel art set for creating and displaying creations on the go, Children's travel art set for creating and displaying creations on the go, Travel art set for kids, Kids' travel art supplies, Children's travel art supplies
Portable changing pad for infants and toddlers while traveling, Portable changing pad for babies and toddlers while traveling, Travel changing pad for infants and toddlers, Kids' portable changing pad for travel, Children's portable changing pad for travel
Travel-sized insect repellent for kids, Travel-sized insect repellent for children, Kids' travel-sized insect repellent, Children's travel-sized insect repellent, Travel insect repellent for kids
Child-sized luggage with retractable handle for easy transport, Child-sized luggage with extendable handle for easy transport, Kids' luggage with retractable handle, Children's luggage with retractable handle, Kids' luggage with extendable handle
Kids' travel neck wallet for carrying important documents and valuables, Children's travel neck wallet for carrying important documents and valuables, Travel neck wallet for kids, Kids' travel neck pouch, Children's travel neck pouch
Portable and foldable travel booster seat for use in cars, Portable and foldable travel booster seat for use in vehicles, Travel booster seat for kids, Kids' portable and foldable travel booster seat, Children's portable and foldable travel booster seat
Travel-sized snack containers for kids' meals and snacks on the go, Travel-sized snack containers for children's meals and snacks on the go, Kids' travel-sized snack containers, Children's travel-sized snack containers, Travel snack containers for kids
Kids' travel-sized cutlery set for eating while on the road, Children's travel-sized cutlery set for eating while on the road, Travel cutlery set for kids, Kids' travel cutlery set, Children's travel cutlery set
Collapsible and portable beach playpen for infants and toddlers, Collapsible and portable beach playpen for babies and toddlers, Portable beach playpen for infants and toddlers, Kids' collapsible beach playpen, Children's collapsible beach playpen
Travel-sized baby food and formula containers for infants and young children, Travel-sized baby food and formula containers for babies and young children, Kids' travel-sized baby food and formula containers, Children's travel-sized baby food and formula containers, Travel baby food and formula containers for kids
Child-sized travel pillow and blanket set for comfortable sleeping while traveling, Kids' travel pillow and blanket set for comfortable sleeping while traveling, Children's travel pillow and blanket set for comfortable sleeping while traveling, Travel pillow and blanket set for kids, Travel pillow and blanket set for children
Portable travel potty for young children in areas without restrooms, Portable travel potty for kids in areas without restrooms, Kids' portable travel potty, Children's portable travel potty, Travel potty for young children
Travel-sized baby powder and diaper cream for infants and young children, Travel-sized baby powder and diaper cream for babies and young children, Kids' travel-sized baby powder and diaper cream, Children's travel-sized baby powder and diaper cream, Travel baby powder and diaper cream for kids
Collapsible and portable travel cot for infants and young children to sleep in, Collapsible and portable travel cot for babies and young children to sleep in, Portable travel cot for infants and young children, Kids' collapsible travel cot, Children's collapsible travel cot
Men's dress shirts, Men's formal shirts, Men's work shirts, Men's button-down shirts, Men's long-sleeve shirts
Men's casual shirts, Men's t-shirts, Men's polo shirts, Men's henley shirts, Men's short-sleeve shirts
Men's jeans, Men's denim jeans, Men's skinny jeans, Men's straight leg jeans, Men's bootcut jeans
Men's chinos, Men's khaki pants, Men's dress pants, Men's slacks, Men's trousers
Men's suits, Men's business suits, Men's formal suits, Men's wedding suits, Men's tuxedos
Men's dress shoes, Men's oxfords, Men's loafers, Men's wingtips, Men's brogues
Men's sneakers, Men's athletic shoes, Men's running shoes, Men's tennis shoes, Men's walking shoes
Men's denim jackets, Men's trucker jackets, Men's jean jackets, Men's blue jackets, Men's cotton jackets
Men's hoodies, Men's sweatshirts, Men's zip-up hoodies, Men's pullover hoodies, Men's fleece hoodies
Men's sweatpants, Men's joggers, Men's athletic pants, Men's casual pants, Men's lounge pants
Men's shorts, Men's cargo shorts, Men's basketball shorts, Men's gym shorts, Men's summer shorts
Men's undershirts, Men's tank tops, Men's t-shirts, Men's v-neck shirts, Men's crew neck shirts
Men's socks, Men's dress socks, Men's athletic socks, Men's crew socks, Men's ankle socks
Men's underwear, Men's boxers, Men's briefs, Men's boxer briefs, Men's trunks
Men's swimsuits, Men's swim trunks, Men's board shorts, Men's beach shorts, Men's surfing shorts
Men's hats, Men's baseball caps, Men's fitted caps, Men's snapback hats, Men's beanies
Men's gloves, Men's winter gloves, Men's leather gloves, Men's touch screen gloves, Men's work gloves
Men's scarves, Men's winter scarves, Men's wool scarves, Men's cashmere scarves, Men's neck scarves
Men's sunglasses, Men's aviator sunglasses, Men's wayfarer sunglasses, Men's sport sunglasses, Men's polarized sunglasses
Men's belts, Men's dress belts, Men's leather belts, Men's buckle belts, Men's casual belts
Men's wristwatches, Men's dress watches, Men's sport watches, Men's analog watches, Men's digital watches
Men's wallets, Men's leather wallets, Men's bifold wallets, Men's trifold wallets, Men's card holders
Men's ties, Men's neck ties, Men's silk ties, Men's bow ties, Men's patterned ties
Men's cufflinks, Men's silver cufflinks, Men's gold cufflinks, Men's formal cufflinks, Men's novelty cufflinks
Men's tie clips, Men's metal tie clips, Men's clip-on tie clips, Men's bar tie clips, Men's chain tie clips
Men's dress shoes, Men's oxfords, Men's loafers, Men's wingtips, Men's brogues
Men's sneakers, Men's athletic shoes, Men's running shoes, Men's tennis shoes, Men's walking shoes
Men's boots, Men's work boots, Men's hiking boots, Men's combat boots, Men's dress boots
Men's sandals, Men's flip-flops, Men's slide sandals, Men's sport sandals, Men's casual sandals
Men's slippers, Men's house slippers, Men's moccasin slippers, Men's memory foam slippers, Men's fleece slippers
Men's boat shoes, Men's deck shoes, Men's sailing shoes, Men's driving shoes, Men's casual loafers
Men's clogs, Men's slip-on shoes, Men's garden shoes, Men's crocs, Men's casual shoes
Men's sneakers, Men's athletic shoes, Men's running shoes, Men's tennis shoes, Men's walking shoes
Men's oxfords, Men's dress shoes, Men's wingtips, Men's brogues, Men's lace-up shoes
Men's loafers, Men's slip-on shoes, Men's casual shoes, Men's moccasins, Men's boat shoes
Men's work boots, Men's steel toe boots, Men's safety boots, Men's waterproof boots, Men's insulated boots
Men's hiking boots, Men's backpacking boots, Men's trail boots, Men's outdoor boots, Men's mountaineering boots
Men's cowboy boots, Men's western boots, Men's rodeo boots, Men's riding boots, Men's leather boots
Men's snow boots, Men's winter boots, Men's cold weather boots, Men's insulated boots, Men's waterproof boots
Men's rain boots, Men's waterproof boots, Men's rubber boots, Men's wellington boots, Men's galoshes
Men's slippers, Men's house slippers, Men's moccasin slippers, Men's memory foam slippers, Men's fleece slippers
Men's flip-flops, Men's sandals, Men's beach shoes, Men's thongs, Men's summer shoes
Men's skate shoes, Men's sneakers, Men's athletic shoes, Men's skateboard shoes, Men's low-top shoes
Men's golf shoes, Men's spikeless golf shoes, Men's waterproof golf shoes, Men's comfortable golf shoes, Men's stylish golf shoes
Men's running shoes, Men's athletic shoes, Men's sneakers, Men's trainers, Men's performance shoes
Men's tennis shoes, Men's athletic shoes, Men's sneakers, Men's trainers, Men's court shoes
Men's walking shoes, Men's athletic shoes, Men's sneakers, Men's trainers, Men's comfort shoes
Men's basketball shoes, Men's athletic shoes, Men's sneakers, Men's trainers, Men's high-top shoes
Men's cross-training shoes, Men's athletic shoes, Men's sneakers, Men's trainers, Men's multi-sport shoes
Men's cycling shoes, Men's bike shoes, Men's road shoes, Men's mountain bike shoes, Men's cycling sneakers
Men's football shoes, Men's cleats, Men's soccer shoes, Men's turf shoes, Men's indoor shoes
Men's baseball shoes, Men's cleats, Men's metal cleats, Men's turf shoes, Men's molded cleats
Men's lacrosse shoes, Men's cleats, Men's turf shoes, Men's high-top shoes, Men's low-cut shoes
Men's rugby shoes, Men's cleats, Men's turf shoes, Men's high-top shoes, Men's low-cut shoes
Men's cricket shoes, Men's spikes, Men's turf shoes, Men's high-top shoes, Men's low-cut shoes
Women's high heels, Stilettos, Pumps, Platforms, Wedges
Women's boots, Ankle boots, Knee-high boots, Over-the-knee boots, Rain boots
Women's sneakers, Running shoes, Tennis shoes, Walking shoes, Slip-on sneakers
Women's sandals, Flats, Heels, Wedges, Slides
Women's loafers, Moccasins, Oxfords, Brogues, Espadrilles
Women's clogs, Mules, Wood soled clogs, Platform clogs, Slip-on clogs
Women's booties, Ankle booties, Mid-calf booties, Knee-high booties, Suede booties
Women's wedges, Cork wedges, Espadrille wedges, Platform wedges, Peep-toe wedges
Women's pumps, Classic pumps, Pointy-toe pumps, Square-toe pumps, Stiletto pumps
Women's mary janes, Classic mary janes, T-strap mary janes, Round-toe mary janes, Ankle strap mary janes
Women's ballet flats, Round-toe ballet flats, Pointy-toe ballet flats, Leather ballet flats, Bow ballet flats
Women's oxfords, Lace-up oxfords, Wingtip oxfords, Brogue oxfords, Cap-toe oxfords
Women's espadrilles, Lace-up espadrilles, Slip-on espadrilles, Canvas espadrilles, Wedge espadrilles
Women's ankle boots, Lace-up ankle boots, Zip-up ankle boots, Buckle ankle boots, Slip-on ankle boots
Women's knee-high boots, Lace-up knee-high boots, Zip-up knee-high boots, Buckle knee-high boots, Slouchy knee-high boots
Women's over-the-knee boots, Lace-up over-the-knee boots, Zip-up over-the-knee boots, Buckle over-the-knee boots, Stretch over-the-knee boots
Women's rain boots, Ankle rain boots, Mid-calf rain boots, Knee-high rain boots, Wellies
Women's sneakers, Low-top sneakers, High-top sneakers, Slip-on sneakers, Lace-up sneakers
Women's running shoes, Neutral running shoes, Stability running shoes, Trail running shoes, Racing shoes
Women's dresses, Sundresses, Maxi dresses, Midi dresses, Mini dresses
Women's tops, Blouses, Shirts, Tees, Tank tops
Women's bottoms, Jeans, Leggings, Pants, Skirts
Women's jumpsuits, Rompers, Overalls, Wide leg jumpsuits, Sleeveless jumpsuits
Women's suits, Pant suits, Skirt suits, Jacket suits, Two-piece suits
Women's outerwear, Coats, Jackets, Vests, Parkas
Women's swimwear, Bikinis, One-piece swimsuits, Tankinis, Cover-ups
Women's lingerie, Bras, Panties, Shapewear, Sleepwear
Women's activewear, Yoga pants, Leggings, Sports bras, Tank tops
Women's maternity clothing, Dresses, Tops, Bottoms, Leggings
Women's plus size clothing, Dresses, Tops, Bottoms, Leggings
Women's petite clothing, Dresses, Tops, Bottoms, Leggings
Women's tall clothing, Dresses, Tops, Bottoms, Leggings
Women's juniors clothing, Dresses, Tops, Bottoms, Leggings
Women's vintage clothing, Dresses, Tops, Bottoms, Leggings
Women's formal wear, Dresses, Tops, Bottoms, Leggings
Women's casual wear, Dresses, Tops, Bottoms, Leggings
Women's work wear, Dresses, Tops, Bottoms, Leggings
Women's holiday wear, Dresses, Tops, Bottoms, Leggings
Women's loungewear, Dresses, Tops, Bottoms, Leggings
Women's underwear, Bras, Panties, Shapewear, Sleepwear
All-purpose cleaners, Kitchen cleaners, Bathroom cleaners, Glass cleaners, Furniture polish
Laundry detergent, Liquid detergent, Powder detergent, High-efficiency detergent, Eco-friendly detergent
Dish soap, Liquid dish soap, Powder dish soap, Eco-friendly dish soap, Scented dish soap
All-purpose wipes, Glass wipes, Kitchen wipes, Bathroom wipes, Furniture wipes
Carpet cleaners, Spot cleaners, Deep cleaners, Pet stain removers, Eco-friendly carpet cleaners
Window cleaners, Streak-free cleaners, Eco-friendly window cleaners, Outdoor window cleaners, Glass cleaners
Trash bags, Kitchen trash bags, Outdoor trash bags, Large trash bags, Biodegradable trash bags
Mops, Wet mops, Dry mops, Spin mops, Dust mops
Brooms, Outdoor brooms, Indoor brooms, Angle brooms, Corn brooms
Vacuums, Upright vacuums, Canister vacuums, Handheld vacuums, Robot vacuums
Disinfectant sprays, All-purpose disinfectant sprays, Kitchen disinfectant sprays, Bathroom disinfectant sprays, Surface disinfectant sprays
Baby bottles, Plastic bottles, Glass bottles, Stainless steel bottles, Anti-colic bottles
Breast pumps, Manual pumps, Electric pumps, Double pumps, Hands-free pumps
Winter jackets, Puffer jackets, Parkas, Anoraks, Wool coats
Winter boots, Snow boots, Rain boots, Insulated boots, Winter shoes
Winter hats, Beanies, Toques, Earflap hats, Trapper hats
Winter gloves, Mittens, Touchscreen gloves, Waterproof gloves, Insulated gloves
Winter scarves, Wool scarves, Fleece scarves, Infinity scarves, Pashmina scarves
Winter socks, Wool socks, Thermal socks, Heat socks, Crew socks
Winter leggings, Thermal leggings, Fleece leggings, Yoga leggings, High waisted leggings
Winter thermals, Top thermals, Bottom thermals, Union suits, Long johns
Winter blankets, Electric blankets, Fleece blankets, Wool blankets, Plush blankets
Winter throws, Chenille throws, Faux fur throws, Knit throws, Sherpa throws
Winter bedding, Flannel sheets, Thermal blankets, Comforters, Duvet covers
Winter pillowcases, Flannel pillowcases, Satin pillowcases, Silk pillowcases, Jersey pillowcases
Winter pajamas, Flannel pajamas, Thermal pajamas, Onesies, Sleep shirts
Winter robes, Fleece robes, Terry cloth robes, Satin robes, Silk robes
Winter slippers, Faux fur slippers, Memory foam slippers, Moccasin slippers, Clog slippers
Winter sweaters, Pullovers, Cardigans, Turtlenecks, V-necks
Winter tights, Opaque tights, Sheer tights, Patterned tights, Fleece-lined tights
Winter wraps, Shawls, Pashminas, Scarves, Stoles
Winter skirts, Fur-lined boots, Snow boots, Rain boots, Duck boots
Winter gaiters, Waterproof gaiters, Snow gaiters, Hiking gaiters, Running gaiters
Women's winter jackets, Puffer jackets, Parkas, Anoraks, Wool coats
Women's winter boots, Snow boots, Rain boots, Insulated boots, Winter shoes
Women's winter hats, Beanies, Toques, Earflap hats, Trapper hats
Women's winter gloves, Mittens, Touchscreen gloves, Waterproof gloves, Insulated gloves
Women's winter leggings, Thermal leggings, Fleece leggings, Yoga leggings, High waisted leggings
Women's winter thermals, Top thermals, Bottom thermals, Union suits, Long johns
Women's winter pajamas, Flannel pajamas, Thermal pajamas, Onesies, Sleep shirts
Women's winter robes, Fleece robes, Terry cloth robes, Satin robes, Silk robes
Women's winter slippers, Faux fur slippers, Memory foam slippers, Moccasin slippers, Clog slippers
Women's winter sweaters, Pullovers, Cardigans, Turtlenecks, V-necks
Women's winter tights, Opaque tights, Sheer tights, Patterned tights, Fleece-lined tights
Women's winter wraps, Shawls, Pashminas, Scarves, Stoles
Women's winter socks, Wool socks, Thermal socks, Heat socks, Crew socks
Women's winter boots, Fur-lined boots, Snow boots, Rain boots, Duck boots
Women's winter gaiters, Waterproof gaiters, Snow gaiters, Hiking gaiters, Running gaiters
Women's winter coats, Pea coats, Trench coats, Wool coats, Parkas
Women's winter dresses, Sweater dresses, Wrap dresses, Maxi dresses, Midi dresses
Women's winter skirts, Joggers, Sweatpants, Track pants, Leggings
Women's winter scarves, Cashmere scarves, Wool scarves, Pashmina scarves, Infinity scarves
Women's winter sweaters, Cable knit sweaters, Turtlenecks, Pullovers, Cardigans
Women's winter vests, Puffer vests, Quilted vests, Sleeveless jackets, Faux fur vests
Women's winter gloves, Leather gloves, Texting gloves, Touchscreen gloves, Wool gloves
Women's winter hats, Beanies, Toques, Earflap hats, Trapper hats
Women's winter earmuffs, Faux fur earmuffs, Cable knit earmuffs, Headband earmuffs, Ear warmers
Women's winter mittens, Wool mittens, Fleece mittens, Touchscreen mittens, Waterproof mittens
Men's winter jackets, Puffer jackets, Parkas, Anoraks, Wool coats
Men's winter boots, Snow boots, Rain boots, Insulated boots, Winter shoes
Men's winter hats, Beanies, Toques, Earflap hats, Trapper hats
Men's winter gloves, Mittens, Touchscreen gloves, Waterproof gloves, Insulated gloves
Men's winter scarves, Wool scarves, Fleece scarves, Infinity scarves, Pashmina scarves
Men's winter socks, Wool socks, Thermal socks, Heat socks, Crew socks
Men's winter thermals, Top thermals, Bottom thermals, Union suits, Long johns
Men's winter blankets, Electric blankets, Fleece blankets, Wool blankets, Plush blankets
Women's winter jackets, Puffer jackets, Parkas, Anoraks, Wool coats
Women's winter boots, Snow boots, Rain boots, Insulated boots, Winter shoes
Women's winter hats, Beanies, Toques, Earflap hats, Trapper hats
Women's winter gloves, Mittens, Touchscreen gloves, Waterproof gloves, Insulated gloves
Women's winter scarves, Wool scarves, Fleece scarves, Infinity scarves, Pashmina scarves
Women's winter socks, Wool socks, Thermal socks, Heat socks, Crew socks
Women's winter thermals, Top thermals, Bottom thermals, Union suits, Long johns
Women's winter blankets, Electric blankets, Fleece blankets, Wool blankets, Plush blankets
Women's winter throws, Fleece throws, Chenille throws, Plush throws, Knit throws
Women's winter earmuffs, Faux fur earmuffs, Cable knit earmuffs, Headband earmuffs, Ear warmers
Women's winter gaiters, Waterproof gaiters, Snow gaiters, Hiking gaiters, Running gaiters
Women's winter pajamas, Flannel pajamas, Thermal pajamas, Onesies, Sleep shirts
Women's winter robes, Fleece robes, Terry cloth robes, Satin robes, Silk robes
Women's winter slippers, Faux fur slippers, Memory foam slippers, Moccasin slippers, Clog slippers
Women's winter sweaters, Pullovers, Cardigans, Turtlenecks, V-necks
Women's winter tights, Opaque tights, Sheer tights, Patterned tights, Fleece-lined tights
Women's winter wraps, Shawls, Pashminas, Scarves, Stoles
Women's winter leggings, Thermal leggings, Fleece leggings, Yoga leggings, High waisted leggings
Women's winter dresses, Sweater dresses, Wrap dresses, Maxi dresses, Midi dresses
Women's winter pants, Joggers, Sweatpants, Track pants, Leggings
Boys' winter jackets, Puffer jackets, Parkas, Anoraks, Wool coats
Women's winter tops, Sweaters, Cardigans, Turtlenecks, V-necks
Women's winter bottoms, Jeans, Leggings, Joggers, Sweatpants
Women's winter dresses, Sweater dresses, Wrap dresses, Maxi dresses, Midi dresses
Women's winter suits, Pant suits, Skirt suits, Jacket suits, Jumpsuits
Women's winter skirts, Fleece robes, Terry cloth robes, Satin robes, Silk robes
Women's winter pajamas, Flannel pajamas, Thermal pajamas, Onesies, Sleep shirts
Women's winter lingerie, Bras, Panties, Camisoles, Shapewear
Women's winter socks, Wool socks, Thermal socks, Heat socks, Crew socks
Women's winter tights, Opaque tights, Sheer tights, Patterned tights, Fleece-lined tights
Women's winter hosiery, Sheer hosiery, Control top hosiery, Patterned hosiery, Opaque hosiery
Women's winter undergarments, Camisoles, Tank tops, Spaghetti strap tops, Boxer briefs
Women's winter shapewear, Control tops, Shapewear shorts, Shapewear slips, Shapewear bodysuits
Women's winter swimwear, Bikinis, One-piece swimsuits, Tankinis, Cover-ups
Women's winter activewear, Leggings, Sports bras, Jackets, Joggers
Women's winter workwear, Suits, Dresses, Skirts, Pants
Women's winter outerwear, Coats, Jackets, Vests, Raincoats
Women's winter footwear, Boots, Shoes, Sneakers, Slippers
Men's winter jackets, Puffer jackets, Parkas, Anoraks, Wool coats
Men's winter boots, Snow boots, Rain boots, Insulated boots, Winter shoes
Men's winter hats, Beanies, Toques, Earflap hats, Trapper hats
Men's winter gloves, Mittens, Touchscreen gloves, Waterproof gloves, Insulated gloves
Men's winter scarves, Wool scarves, Fleece scarves, Infinity scarves, Pashmina scarves
Men's winter socks, Wool socks, Thermal socks, Heat socks, Crew socks
Men's winter thermals, Top thermals, Bottom thermals, Union suits, Long johns
Men's winter blankets, Electric blankets, Fleece blankets, Wool blankets, Plush blankets
Men's winter throws, Fleece throws, Chenille throws, Plush throws, Knit throws
Men's winter earmuffs, Faux fur earmuffs, Cable knit earmuffs, Headband earmuffs, Ear warmers
Men's winter gaiters, Waterproof gaiters, Snow gaiters, Hiking gaiters, Running gaiters
Men's winter pajamas, Flannel pajamas, Thermal pajamas, Onesies, Sleep shirts
Boys' winter jackets, Puffer jackets, Parkas, Anoraks, Wool coats
Boys' winter boots, Snow boots, Rain boots, Insulated boots, Winter shoes
Boys' winter hats, Beanies, Toques, Earflap hats, Trapper hats
Boys' winter gloves, Mittens, Touchscreen gloves, Waterproof gloves, Insulated gloves
Boys' winter scarves, Wool scarves, Fleece scarves, Infinity scarves, Pashmina scarves
Boys' winter socks, Wool socks, Thermal socks, Heat socks, Crew socks
Boys' winter thermals, Top thermals, Bottom thermals, Union suits, Long johns
Boys' winter blankets, Electric blankets, Fleece blankets, Wool blankets, Plush blankets
Boys' winter throws, Fleece throws, Chenille throws, Plush throws, Knit throws
Boys' winter earmuffs, Faux fur earmuffs, Cable knit earmuffs, Headband earmuffs, Ear warmers
Boys' winter gaiters, Waterproof gaiters, Snow gaiters, Hiking gaiters, Running gaiters
Boys' winter pajamas, Flannel pajamas, Thermal pajamas, Onesies, Sleep shirts
Boys' winter underwear, Boxer briefs, Briefs, Boxer shorts, Trunks
Boys' winter undershirts, Tank tops, A-shirts, T-shirts, Henleys
Boys' winter base layers, Long sleeve tops, Short sleeve tops, Long johns, Leggings
Boys' winter activewear, Tracksuits, Joggers, Hoodies, Sweatshirts
Boys' winter swimwear, Trunks, Rash guards, Board shorts, Wetsuits
Boys' winter workwear, Coveralls, Overalls, Work pants, Work shirts
Boys' winter outerwear, Raincoats, Windbreakers, Anoraks, Ponchos
Boys' winter footwear, Sneakers, Shoes, Boots, Slippers
Babies' winter jackets, Puffer jackets, Parkas, Anoraks, Wool coats
Babies' winter boots, Snow boots, Rain boots, Insulated boots, Winter shoes
Babies' winter hats, Beanies, Toques, Earflap hats, Trapper hats
Babies' winter gloves, Mittens, Touchscreen gloves, Waterproof gloves, Insulated gloves
Babies' winter scarves, Wool scarves, Fleece scarves, Infinity scarves, Pashmina scarves
Babies' winter socks, Wool socks, Thermal socks, Heat socks, Crew socks
Babies' winter thermals, Top thermals, Bottom thermals, Union suits, Long johns
Babies' winter blankets, Electric blankets, Fleece blankets, Wool blankets, Plush blankets
Babies' winter throws, Fleece throws, Chenille throws, Plush throws, Knit throws
Babies' winter earmuffs, Faux fur earmuffs, Cable knit earmuffs, Headband earmuffs, Ear warmers
Babies' winter gaiters, Waterproof gaiters, Snow gaiters, Hiking gaiters, Running gaiters
Babies' winter pajamas, Flannel pajamas, Thermal pajamas, Onesies, Sleep shirts
Babies' winter underwear, Boxer briefs, Briefs, Boxer shorts, Trunks
Babies' winter undershirts, Tank tops, A-shirts, T-shirts, Henleys
Babies' winter base layers, Long sleeve tops, Short sleeve tops, Long johns, Leggings
Babies' winter activewear, Tracksuits, Joggers, Hoodies, Sweatshirts
Babies' winter swimwear, Trunks, Rash guards, Board shorts, Wetsuits
Babies' winter workwear, Coveralls, Overalls, Work pants, Work shirts
Babies' winter outerwear, Raincoats, Windbreakers, Anoraks, Ponchos
Babies' winter footwear, Sneakers, Shoes, Boots, Slippers
Girls' winter jackets, Puffer jackets, Parkas, Anoraks, Wool coats
Girls' winter boots, Snow boots, Rain boots, Insulated boots, Winter shoes
Girls' winter hats, Beanies, Toques, Earflap hats, Trapper hats
Girls' winter gloves, Mittens, Touchscreen gloves, Waterproof gloves, Insulated gloves
Girls' winter scarves, Wool scarves, Fleece scarves, Infinity scarves, Pashmina scarves
Girls' winter socks, Wool socks, Thermal socks, Heat socks, Crew socks
Girls' winter thermals, Top thermals, Bottom thermals, Union suits, Long johns
Girls' winter blankets, Electric blankets, Fleece blankets, Wool blankets, Plush blankets